{"cameraMode":{"drawMode":0,"name":"Shaded","section":"Shading Mode"},"sceneLighting":false,"audioPlay":false,"sceneViewState":{"showFog":true,"showMaterialUpdate":false,"showSkybox":false,"showFlares":true,"showImageEffects":true,"showParticleSystems":true},"in2DMode":false,"pivot":{"x":-0.0010638236999511719,"y":-1.682807445526123,"z":-0.1474306583404541},"rotation":{"x":0.17017769813537599,"y":-0.6739844083786011,"z":0.16386424005031587,"w":0.6999518871307373},"size":3.691267728805542,"orthographic":false}