{"cameraMode":{"drawMode":0,"name":"Shaded","section":"Shading Mode"},"sceneLighting":true,"audioPlay":false,"sceneViewState":{"showFog":true,"showMaterialUpdate":false,"showSkybox":true,"showFlares":true,"showImageEffects":true,"showParticleSystems":true},"in2DMode":false,"pivot":{"x":-4.6864752769470219,"y":-0.10216617584228516,"z":-2.3222107887268068},"rotation":{"x":-0.11978243291378021,"y":0.8264580965042114,"z":-0.19203658401966096,"w":-0.5155025124549866},"size":9.345497131347657,"orthographic":false}