{"cameraMode":{"drawMode":0,"name":"Shaded","section":"Shading Mode"},"sceneLighting":true,"audioPlay":false,"sceneViewState":{"showFog":false,"showMaterialUpdate":false,"showSkybox":false,"showFlares":false,"showImageEffects":false,"showParticleSystems":false},"in2DMode":false,"pivot":{"x":-10.959697723388672,"y":-43.025779724121097,"z":12.054899215698243},"rotation":{"x":0.18377865850925446,"y":0.7150683999061585,"z":-0.20435012876987458,"w":0.642873227596283},"size":63.0950927734375,"orthographic":false}