{"cameraMode":{"drawMode":0,"name":"Shaded","section":"Shading Mode"},"sceneLighting":true,"audioPlay":false,"sceneViewState":{"showFog":true,"showMaterialUpdate":false,"showSkybox":true,"showFlares":true,"showImageEffects":true,"showParticleSystems":true},"in2DMode":false,"pivot":{"x":168.9307098388672,"y":146.47329711914063,"z":-64.5999984741211},"rotation":{"x":-0.3360210657119751,"y":0.5885542631149292,"z":-0.2933039963245392,"w":-0.6743149757385254},"size":70.71067810058594,"orthographic":false}