{"cameraMode":{"drawMode":0,"name":"Shaded","section":"Shading Mode"},"sceneLighting":true,"audioPlay":false,"sceneViewState":{"showFog":true,"showMaterialUpdate":false,"showSkybox":true,"showFlares":true,"showImageEffects":true,"showParticleSystems":true},"in2DMode":false,"pivot":{"x":2.366924285888672,"y":1.9899654388427735,"z":-6.810894012451172},"rotation":{"x":-0.1993977278470993,"y":0.4504702091217041,"z":-0.10395904630422592,"w":-0.8640143871307373},"size":85.3964614868164,"orthographic":false}