{"cameraMode":{"drawMode":0,"name":"Shaded","section":"Shading Mode"},"sceneLighting":false,"audioPlay":false,"sceneViewState":{"showFog":true,"showMaterialUpdate":false,"showSkybox":false,"showFlares":true,"showImageEffects":true,"showParticleSystems":true},"in2DMode":false,"pivot":{"x":-3.846578598022461,"y":0.9104899764060974,"z":-2.888134479522705},"rotation":{"x":0.17017769813537599,"y":-0.6739844083786011,"z":0.16386424005031587,"w":0.6999518871307373},"size":1.2326985597610474,"orthographic":false}